53,マップx座標,マップy座標,マス種類,分岐,dead5.mp3,70,,ルートA,ルートB,ルートC,ルートD,ループ周回数,ループ後移動先,*
1,32,31,start,,,,,2,,,,,,*
2,32,34,okane,,,,,3,,,,,,*
3,32,37,inyoku,,,,,4,,,,,,*
4,32,40,bougai,,,,,5,,,,,,*
5,32,43,bougai,,,,,6,,,,,,*
6,32,46,item,,,,,7,,,,,,*
7,29,46,jouka,,,,,8,,,,,,*
8,26,46,kasoku,,,,,9,,,,,,*
9,23,46,bougai,,,,,10,,,,,,*
10,20,46,jouka,,,,,11,,,,,,*
11,17,46,kasoku,,,,,12,,,,,,*
12,14,46,okane,,,,,13,,,,,,*
13,11,46,bougai,,,,,14,,,,,,*
14,8,46,jouka,,,,,15,,,,,,*
15,8,43,okane,,,,,16,,,,,,*
16,8,40,item,,,,,17,,,,,,*
17,5,40,bougai,,,,,18,,,,,,*
18,5,37,kasoku,,,,,19,,,,,,*
19,5,34,inyoku,,,,,20,,,,,,*
20,8,34,jouka,,,,,21,,,,,,*
21,11,34,check,1,,,,22,38,,,,,*
22,11,31,kasoku,,,,,23,,,,,,*
23,11,27,jouka,,,,,24,,,,,,*
24,11,24,bougai,,,,,25,,,,,,*
25,8,24,inyoku,,,,,26,,,,,,*
26,8,21,item,,,,,27,,,,,,*
27,5,21,okane,,,,,28,,,,,,*
28,5,18,inyoku,,,,,29,,,,,,*
29,5,15,shop,,,,,30,,,,,,*
30,8,15,kasoku,,,,,31,,,,,,*
31,11,15,okane,,,,,32,,,,,,*
32,14,15,item,,,,,33,,,,,,*
33,14,18,inyoku,,,,,34,,,,,,*
34,17,18,bougai,,,,,35,,,,,,*
35,20,18,kasoku,,,,,36,,,,,,*
36,23,19,inyoku,,,,,37,,,,,,*
37,26,19,bougai,,,,,53,,,,,,*
38,14,34,jouka,,,,,,39,,,,,*
39,17,34,okane,,,,,,40,,,,,*
40,17,37,kasoku,,,,,,41,,,,,*
41,20,37,bougai,,,,,,42,,,,,*
42,23,37,item,,,,,,43,,,,,*
43,26,37,shop,,,,,,44,,,,,*
44,26,34,item,,,,,,45,,,,,*
45,26,31,inyoku,,,,,,46,,,,,*
46,26,28,jouka,,,,,,47,,,,,*
47,26,25,inyoku,,,,,,48,,,,,*
48,29,25,kasoku,,,,,,49,,,,,*
49,32,25,shop,,,,,,50,,,,,*
50,32,22,okane,,,,,,51,,,,,*
51,32,19,bougai,,,,,,52,,,,,*
52,29,19,jouka,,-1,,,37,,,,,,*
53,26,16,inyoku,,,,,54,,,,,,*
54,26,13,jouka,,,,,55,,,,,,*
55,26,10,okane,,,,,56,,,,,,*
56,26,7,goal,,,,,,,,,,,*
